year of exhibition,age at the time,name,birthyear,birthplace city,birthplace state or country,work place city,work place state or country,work place 2,work place 2 state or country,death date,work title,work year,work media,work size,frequency,work source
2014,,A.L. Steiner,1967,Miami,FL,Los Angeles,CA,,,,,,,,,
2014,,Alex Jovanovich,1975,Hobart,Indiana,Bronx,NY,,,,,,,,,
2014,,Alex Waterman,1975,Portsmouth,VA,New York,NY,,,,,,,,,
2014,,Allan Sekula,1951,Erie,PA,Los Angeles,CA,,,2013,,,,,,
2014,,Alma Allen,1970,Heber City,UT,Joshua Tree,CA,,,,Untitled,2013,"Marble, oak base",25x20x14,,Collection of the artist
2014,,Amy Sillman,1955,Detroit,MI,Brooklyn,NY,,,,,,,,,
2014,,Andrew Bujalski,1977,Boston,MA,Austin,TX,,,,,,,,,
2014,,Angie Keefer,1977,Huntsville,AL,Hudson,NY,,,,,,,,,
2014,,Ben Kinmont,1963,Burlington,VT,Sebastopol,CA,,,,,,,,,
2014,,Bjarne Melgaard,1967,Sydney,Australia,New York,NY,,,,,,,,,
2014,,Carissa Rodriguez,1970,New York,NY,New York,NY,,,, Hawaiian Presence (Hawaii),2014,Hawaiian volcanic salt,,,Collection of the artist
2014,,Carol Jackson,1962,Los Angeles,CA,Chicago,IL,,,,,,,,,
2014,,Catherine Sullivan,1968,Los Angeles,CA;,Chicago,IL,,,,,,,,,
2014,,Channa Horwitz,1932,Los Angeles,CA,Los Angeles,CA,,,2013,,,,,,
2014,,Charlemagne Palestine,1947,Brooklyn,NY,Brussels,Belgium,,,,,,,,,
2014,,Charline von Heyl,1960,Mainz,Germany,New York,NY,,,,,,,,,
2014,,Chris Larson,1966,St. Paul,MN,St. Paul,MN,,,,,,,,,
2014,,Dan Walsh,1960,Philadelphia,PA,New York,NY,,,,,,,,,
2014,,Darren Bader,1978,Bridgeport,CT,New York,NY,,,,,,,,,
2014,,Dashiell Manley,1983,Fontana,CA,Los Angeles,CA,,,,,,,,,
2014,,Dave McKenzie,1977,Kingston,Jamaica,Brooklyn,NY,,,,,,,,,
2014,,David Diao,1943,Chengdu Sichuan,China,New York,NY,,,,,,,,,
2014,,David Foster Wallace,1962,Ithaca,NY,Claremont,CA,,,2008,,,,,,
2014,,David Hammons,1943,Springfield,IL;,New York,NY,,,,,,,,,
2014,,David Robbins,1957,Whitefish Bay,WI,Shorewood,WI,,,,,,,,,
2014,,Dawoud Bey,1953,Queens,NY,Chicago,IL,,,,,,,,,
2014,,Diego Leclery,1978,Boulogne-Billancourt,France,New York,NY,,,,,,,,,
2014,,Dona Nelson,1947,Grand Island,NE,Lansdale,PA,and New York,NY,,,,,,,
2014,,Donelle Woolford,1977,Conyers,GA,New York,NY,,,,,,,,,
2014,,Doug Ischar,1948,Honolulu,Hawaii,Chicago,IL,and Los Angeles,CA,,,,,,,
2014,,Ei Arakawa ,1977,Fukushima,Japan,New York,NY,,,, Hawaiian Presence (Hawaii),2014,"Wire, fabric, straw, and plastic,",,,Collection of the artist
2014,,Elijah Burgher,1978,Kingston,NY,Chicago,IL,,,,,,,,,
2014,,Emily Sundblad,1977,Dalsjöfors,Sweden,New York,NY,,,,,,,,,
2014,,Etel Adnan,1925,Beirut,Lebanon,Sausalito,CA,Paris,France,,Five Senses for One Death,1969,ink and watercolor on paper,11x255,,Collection of the artist
2014,,Fred Lonidier,1942,Lakeview,OR,San Diego,CA,,,,,,,,,
2014,,Gary Indiana,1950,Derry,NH,New York,NY,and Los Angeles,CA,,,,,,,
2014,,Gaylen Gerber,1955,McAllen,TX;,Chicago,IL,,,,,,,,,
2014,,Gretchen Bender,1951,Seaford,DE,New York,NY,,,2004,,,,,,
2014,,Jacolby Satterwhite,1986,Columbia,SC,New York,NY,,,,,,,,,
2014,,Jacqueline Humphries,1960,New Orleans,LA,New York,NY,,,,,,,,,
2014,,Jeff Gibson,1958,Brisbane,Australia,New York,NY,,,,,,,,,
2014,,Jennifer stein,1970,Seattle,WA,New York,NY,and Berlin,Germany,,,,,,,
2014,,Jessie Mott,1980,New York,NY,Chicago,IL,,,,,,,,,
2014,,Jimmie Durham,1940,Washington,AR,Berlin,Germany,,,,,,,,,
2014,,Joel Otterson,1959,Los Angeles,CA,Los Angeles,CA,,,,,,,,,
2014,,John Mason,1927,Madrid,NE,Los Angeles,CA,,,,,,,,,
2014,,Jonn Herschend,1967,Branson,MO,San Francisco,CA,,,,,,,,,
2014,,Joseph Grigely,1956,East Longmeadow,MA,Chicago,IL,,,,,,,,,
2014,,Joshua Mosley,1974,Dallas,TX,Philadelphia,PA,,,,,,,,,
2014,,Julie Ault,1957,Boston,MA,Joshua Tree,CA,New York,NY,,,,,,,
2014,,Karl Haendel,1976,New York,NY,Los Angeles,CA,,,,,,,,,
2014,,Keith Mayerson,1966,Cincinnati,OH,New York,NY,,,,,,,,,
2014,,Ken Lum,1956,Vancouver,Canada,Philadelphia,PA,Vancouver,Canada,,,,,,,
2014,,Ken Okiishi,1978,Ames,IA,New York,NY,and Berlin,Germany,,,,,,,
2014,,Kevin Beasley,1985,Lynchburg,VA,New York,NY,,,,,,,,,
2014,,Laura Owens,1970,Euclid,OH,Los Angeles,CA,,,,,,,,,
2014,,Lisa Anne Auerbach,1967,Ann Arbor,MI,Los Angeles,CA,,,,,,,,,
2014,,Louise Fishman,1939,Philadelphia,PA,New York,NY,,,,,,,,,
2014,,Lucien Castaing-Taylor,1966,Liverpool UK,UK,Boston,MA,and Paris,France,,,,,,,
2014,,Matt Hanner,1971,Columbus,OH;,Porter,IN,,,2011,"The Bower,",2011-2013,16mm film color,1:30:00,,Collection of the artist. Courtesy the artist.
2014,,Matthew Deleget,1972,Hammond,IN,Brooklyn,NY,,,,,,,,,
2014,,Michel Auder,1945,Soissons,France,Brooklyn,NY,,,,,,,,,
2014,,Miguel Gutierrez,1971,Flushing,NY,Brooklyn,NY,,,,,,,,,
2014,,Miljohn Ruperto,1971,Manila,Philippines,Los Angeles,CA,,,,,,,,,
2014,,Molly Zuckerman-Hartung,1975,Los Gatos,CA,Chicago,IL,,,,,,,,,
2014,,Morgan Fisher,1942,Washington,DC,Santa Monica,CA,,,,,,,,,
2014,,Pam Lins,,Lake Forest,IL,Brooklyn,NY,,,,,,,,,
2014,,Paul Druecke,1964,Milwaukee,WI,Milwaukee,WI,,,,,,,,,
2014,,Paul P.,1977,Hamilton Ontario,Canada,New York,NY,and Paris,France,,,,,,,
2014,,Pauline Oliveros,1932,Houston,TX,Kingston,NY,,,,,,,,,
2014,,Pedro Vélez,1973,Bayamón,Puerto Rico,Chicago,IL,Milwaukee,WI,,,,,,,
2014,,Peter Schuyff,1958,Baarn,Netherlands,Amsterdam,Netherlands,,,,,,,,,
2014,,Philip Hanson,1943,Chicago,IL,Chicago,IL,,,,,,,,,
2014,,Philip Vanderhyden,1978,Menasha,WI,New York,NY,,,,,,,,,
2014,,Radamés “Juni” Figueroa,1982,Bayamón,Puerto Rico,San Juan,Puerto Rico,,,,,,,,,
2014,,Rebecca Morris,1969,Honolulu,Hawaii,Los Angeles,CA,,,,,,,,,
2014,,Rhys Ernst,1982,Pomona,CA,Los Angeles,CA,,,,,,,,,
2014,,Ricky Swallow,1974,San Remo,Australia,Los Angeles,CA,,,,,,,,,
2014,,Robert Ashley,1930,Ann Arbor,MI,New York,NY,,,2014,,,,,,
2014,,Rochelle Feinstein,1947,New York,NY,New York,NY,,,,,,,,,
2014,,Sara Greenberger Rafferty,1978,Evanston,IL,Brooklyn,NY,,,,,,,,,
2014,,Sarah Charlesworth,1947,East Orange,NJ,Hartford,CT,,,2013,,,,,,
2014,,Sergei Tcherepnin,1981,Watertown,MA,New York,NY,,,,,,,,,
2014,,Shana Lutker,1978,Northport,NY,Los Angeles,CA,,,,,,,,,
2014,,Sheila Hicks,1934,Hastings,NE,New York,NY,and Paris,France,,,,,,,
2014,,Sherrie Levine,1947,Hazelton,PA;,New York,NY,,,,,,,,,
2014,,Shio Kusaka,1972,,Japan,Los Angeles,CA,,,,,,,,,
2014,,Stephen Berens,1952,Fort Collins,CO,Los Angeles,CA,,,,,,,,,
2014,,Sterling Ruby,1972,Bitburg,Germany,Los Angeles,CA,,,,,,,,,
2014,,Steve Reinke,1963,Eganville Ontario,Canada,Chicago,IL,,,,,,,,,
2014,,Susan Howe,1937,Boston,MA,Guilford,CT,,,,,,,,,
2014,,Suzanne McClelland,1959,Jacksonville,FL,New York,NY,,,,,,,,,
2014,,taisha paggett,1976,Fresno,CA,Chicago,IL,and Los Angeles,CA,,,,,,,
2014,,Terry Adkins,1953,Washington,DC,Brooklyn,NY,,,2014,Aviarium,2014,"Steel, brass, aluminum, and silver",variable,,Estate of Terry Adkins; courtesy Salon 94
2014,,Tony Greene,1955,San Francisco,CA,Los Angeles,CA,,,1990,,,,,,
2014,,Tony Lewis,1986,Los Angeles,CA,Chicago,IL,,,,,,,,,
2014,,Tony Tasset,1960,Cincinnati,OH,Chicago,IL,,,,,,,,,
2014,,Travis Jeppesen,1979,Ft. Lauderdale,FL,London,England,and Berlin,Germany,,,,,,,
2014,,Trevor Shimizu,1978,Hawaii;,Hawaii,New York,NY,,,,,,,,,
2014,,Uri Aran,1977,Jerusalem,Israel,New York,NY,,,,Untitled,2014,Mixed media on paper,14 1/2 × 11 1/4,,Collection of the artist
2014,,Valerie Snobeck,1980,Wadena,MN;,New York,NY,,,,,,,,,
2014,,Véréna Paravel,1971,Neuchâtel,Switzerland,Boston,MA,and Paris,France,,,,,,,
2014,,Victoria Fu,1978,Santa Monica,CA,San Diego,CA,and Los Angeles,CA,,,,,,,
2014,,Yve Laris Cohen,1985,San Diego,CA,Brooklyn,NY,,,,,,,,,
2014,,Zackary Drucker,1983,Syracuse,NY,Los Angeles,CA,,,,,,,,,
2014,,Zoe Leonard,1961,Liberty,NY,New York,NY,,,,,,,,,
2012,,Kai Althoff,1966,cologne,germany,cologne,germany,,,,,,,,,
2012,,Thom Andersen,1943,chicago,il,Los Angeles,ca,,,,,,,,,
2012,,Charles Atlas,1949,st. louis,missouri,new york,ny,,,,,,,,,
2012,,Lutz Bacher,,united states,united states,berkeley,ca,,,,,,,,,
2012,,Forrest Bess,1911,texas,texas,texas,texas,,,1977,,,,,,
2012,,Michael Clark,1962,aberdeen,scotland,london,england,new york,ny,,,,,,,
2012,,Cameron Crawford,1983,boulder,colorado,new york,ny,,,,,,,,,
2012,,Moyra Davey,1958,toronto,canada,new york,ny,,,,,,,,,
2012,,Liz Deschenes,1966,boston,ma,new york,ny,,,,,,,,,
2012,,Nathaniel Dorsky,1943,new york,ny,san francisco,ca,,,,,,,,,
2012,,Nicole Eisenman,1965,verdun,france,new york,ny,,,,,,,,,
2012,,Kevin Jerome Everson,1965,mansfield,ohio,charlottesville,virginia,,,,,,,,,
2012,,Vincent Fecteau,1969,islip,ny,san francisco,ca,,,,,,,,,
2012,,Andrea Fraser,1965,billings,montana,los Angeles,ca,,,,,,,,,
2012,,LaToya Ruby Frazier,1982,braddock,pennsylvania,new jersey,new jersey,,,,,,,,,
2012,,K8 Hardy,1977,fort worth,texas,brooklyn,new york,,,,,,,,,
2012,,Richard Hawkins,1961,mexia,texas,los Angeles,ca,,,,,,,,,
2012,,Werner Herzog,1942,munich,germany,los Angeles,ca,,,,,,,,,
2012,,Jerome Hiler,1943,jamaica,new york,san francisco,ca,,,,,,,,,
2012,,Matt Hoyt,1975,mount kisco,new york,yorktown heights,ny,,,,,,,,,
2012,,Dawn Kasper,1977,fairfax,virginia,los Angeles,ca,,,,,,,,,
2012,,Mike Kelley,1954,detroit,michicgan,los Angeles,ca,,,2012,,,,,,
2012,,John Kelsey,,united states,united states,new york,new york,,,,,,,,,
2012,,John Knight,1945,hollywood,ca,los Angeles,ca,,,,,,,,,
2012,,Jutta Koether,1958,cologne,germany,new york, ny,berlin,germany,,,,,,,
2012,,George Kuchar,1942,new york,new york,san francisco,ca,,,,,,,,,
2012,,Laida Lertxundi,1981,bilbao,spain,los Angeles,ca,,,,,,,,,
2012,,Kate Levant,1983,chicago,il,detroit,michigan,,,,,,,,,
2012,,Sam Lewitt,1981,Los Angeles,ca,new york,ny,,,,,,,,,
2012,,Joanna Malinowska,1972,gdynia,poland,new york,new york,,,,,,,,,
2012,,Andrew Masullo,1957,elizabeth,new jersey,san francisco,ca,,,,,,,,,
2012,,Nick Mauss,1980,new york,new york,new york,new york,,,,,,,,,
2012,,Richard Maxwell,1967,west fargo,north dakota,new york,new york,,,,,,,,,
2012,,Sarah Michelson,1964,manchester,england,brooklyn,new york,,,,,,,,,
2012,,Alicia Hall Moran,1973,redwood city,california,new york ,new york,,,,,,,,,
2012,,Jason Moran,1975,houston,texas,new york ,new york,,,,,,,,,
2012,,Laura Poitras,1964,boston,ma,new york,new york,,,,,,,,,
2012,,Matt Porterfield,1977,baltimore,maryland,baltimore,maryland,,,,,,,,,
2012,,Luther Price,1962,marlboro,ma,revere,ma,,,,,,,,,
2012,,Lucy Raven,1977,tucson,arizona,oakland,california,new york,new york,,,,,,,
2012,,Mayo Thompson,1944,houston,texas,california,california,,,,,,,,,
2012,,Albert Oehlen,1954,krefeld,germany,buhler and segovia,germany,,,,,,,,,
2012,,Kelly Reichardt,1964,miami,fl,new york,new york,,,,,,,,,
2012,,Elaine Reichek,1943,new york,new york,new york,new york,,,,,,,,,
2012,,Michael Robinson,1981,plattsburgh,new york,west danby,new york,,,,,,,,,
2012,,Georgia Sagri,1979,athens,greece,new york,new york,,,,,,,,,
2012,,Michael E. Smith,1977,detroit,michigan,detroit,michigan,,,,,,,,,
2012,,Tom Thayer,1970,chicago,il,new york,new york,,,,,,,,,
2012,,Wu Tsang,1982,worcester,ma,los angeles,ca,,,,,,,,,
2012,,Oscar Tuazon,1975,seattle,wa,paris,france,,,,,,,,,
2012,,Gisèle Vienne,1976,charleville-mezieres,france,grenoble,france,,,,,,,,,
2012,,   Dennis Cooper,1953,pasadena,ca,los angeles,ca,paris,france,,,,,,,
2012,,   Stephen O’Malley,1974,new hampshire,new hampshire,paris,france,,,,,,,,,
2012,,Peter Rehberg,1968,london,england,vienna,austria,,,,,,,,,
2012,,Frederick Wiseman,1930,boston,ma,boston,ma,,,,,,,,,
2012,,Vincent Gallo,1961,buffalo,new york,,,,,,,,,,,
2010,,David Adamo,1979,Rochester,New York;,Berlin,Germany,,,,,,,,,
2010,,Richard Aldrich,1975,Hampton,Virginia;,Brooklyn,New York,,,,,,,,,
2010,,Michael Asher,1943,Los Angeles,California;,Los Angeles,California,,,,,,,,,
2010,,Tauba Auerbach,1981,San Francisco,California;,New York,New York,,,,,,,,,
2010,,Nina Berman,1960,New York,New York;,New York,New York,,,,,,,,,
2010,,Huma Bhabha,1962,Karachi,Pakistan;,Poughkeepsie,New York,,,,,,,,,
2010,,Josh Brand,1980,Elkhorn,Wisconsin;,Brooklyn,New York,,,,,,,,,
2010,,James Casebere,1953,East Lansing,Michigan;,Brooklyn,New York,,,,,,,,,
2010,,Dawn Clements,1958,Woburn,Massachusetts;,Brooklyn,New York,,,,,,,,,
2010,,Edgar Cleijne,1963,Eindovern,The Netherlands/,,,,,,,,,,,
2010,,Ellen Gallagher,1965,Providence,Rhode Isl,,,,,,,,,,,
2010,,George Condo,1957,Concord,New Hampshire;,New York,New York,,,,,,,,,
2010,,Sarah Crowner,1974,Philadelphia,Pennsylvania;,Brooklyn,New York,,,,,,,,,
2010,,Verne Dawson,1961,Meridianville,Alabama;,Saluda,North Carolina,New York,New York,,,,,,,
2010,,Julia Fish,1950,Toledo,Oregon;,Chicago,Illinois,,,,,,,,,
2010,,Roland Flexner,1944,Nice,France;,New York,New York,,,,,,,,,
2010,,Suzan Frecon,1941,Mexico,Pennsylvania;,New York,New York,,,,,,,,,
2010,,Maureen Gallace,1960,Stamford,Connecticut;,New York,New York,,,,,,,,,
2010,,Theaster Gates,1973,Chicago,Illinois;,Chicago,Illinois,,,,,,,,,
2010,,Kate Gilmore,1975,Washington,DC;,New York,New York,,,,,,,,,
2010,,Hannah Greely,1979,Los Angeles,California;,Los Angeles,California,,,,,,,,,
2010,,Jesse Aron Green,1979,Boston,Massachusetts;,Boston,Massachusetts,Los Angeles,California,,,,,,,
2010,,Robert Grosvenor,1937,New York,New York;,Long Island,New York,,,,,,,,,
2010,,Sharon Hayes,1970,Baltimore,Maryland;,New York,New York,,,,,,,,,
2010,,Thomas Houseago,1972,Leeds,England;,Los Angeles,California,,,,,,,,,
2010,,Alex Hubbard,1975,Toledo,Oregon;,Brooklyn,New York,,,,,,,,,
2010,,Jessica Jackson Hutchins,1971,Chicago,Illinois;,Portland,Oregon,,,,,,,,,
2010,,Jeffrey Inaba,1962,Los Angeles,California;,New York,New York,,,,,,,,,
2010,,Martin Kersels,1960,Sierra Madre,California;,Los Angeles,California,,,,,,,,,
2010,,Jim Lutes,1955,Fort Lewis,Washington;,Chicago,Illinois,,,,,,,,,
2010,,Babette Mangolte,1941,Montmorot (Jura),France;,New York,New York,,,,,,,,,
2010,,Curtis Mann,1979,Dayton,Ohio;,Chicago,Illinois,,,,,,,,,
2010,,Ari Marcopoulos,1957,Amsterdam,The Netherlands;,Sonoma,California,,,,,,,,,
2010,,Daniel McDonald,1971,Los Angeles,California;,New York,New York,,,,,,,,,
2010,,Josephine Meckseper,1964,Lilienthal,Germany;,New York,New York,,,,,,,,,
2010,,Rashaad Newsome,1979,New Orleans,Louisiana;,New York,New York,,,,,,,,,
2010,,Kelly Nipper,1971,Edina,Minnesota;,Los Angeles,California,,,,,,,,,
2010,,Lorraine O’Grady,1934,Boston,Massachusetts;,New York,New York,,,,,,,,,
2010,,R.H. Quaytman,1961,Boston,Massachusetts;,New York,New York,,,,,,,,,
2010,,Charles Ray,1953,Chicago,Illinois;,Los Angeles,California,,,,,,,,,
2010,,Emily Roysdon,1977,Easton,Maryland;,New York,New York,Stockholm,Sweden,,,,,,,
2010,,Aki Sasamoto,1980,Yokohama,Japan;,Brooklyn,New York,,,,,,,,,
2010,,Aurel Schmidt,1982,Kamloops,British Columbia;,New York,New York,,,,,,,,,
2010,,Scott Short,1964,Marion,Ohio;,Chicago,Illinois,,,,,,,,,
2010,,Stephanie Sinclair,1973,Miami,Florida;,Brooklyn,New York,,,,,,,,,
2010,,Ania Soliman,1970,Warsaw,Poland;,Basel,Switzerland,New York,New York,,,,,,,
2010,,Storm Tharp,1970,Ontario,Oregon;,Portland,Oregon,,,,,,,,,
2010,,Tam Tran,1986,Hue,Vietnam;,Memphis,Tennessee,,,,,,,,,
2010,,Kerry Tribe,1973,Boston,Massachusetts;,Los Angeles,California,and Berlin,germany,,,,,,,
2010,,Piotr Uklanski,1968,Warsaw,Poland;,New York,New York,and Warsaw,Poland,,,,,,,
2010,,Lesley Vance,1977,Milwaukee,Wisconsin;,Los Angeles,California,,,,,,,,,
2010,,Marianne Vitale,1973,New York,New York;,New York,New York,,,,,,,,,
2010,,Erika Vogt,1973,East Newark,New Jersey;,Los Angeles,California,,,,,,,,,
2010,,Pae White,1963,Pasadena,California;,Los Angeles,California,,,,,,,,,
2010,,Robert Williams,1943,Albuquerque,New Mexico,Chatsworth,California,,,,,,,,,
2008,,Rita Ackermann,1968,budapest,hungary,new York,new York,,,,,,,,,
2008,,Natalia Almada,1974,mexico,mexico,mexico city,mexico,new york,new york,,,,,,,
2008,,Edgar Arceneaux,1972,Los Angeles,ca,Los Angeles,California,,,,,,,,,
2008,,Fia Backstrom,1970,stockholm,sweden,new York,new York,,,,,,,,,
2008,,John Baldessari,1931,national city,ca,santa monica,California,,,,,,,,,
2008,,Robert Bechtle,1932,San Francisco,ca,san francisco,California,,,,,,,,,
2008,,Walead Beshty,1976,london,england,Los Angeles,california,,,,,,,,,
2008,,Carol Bove,1971,geneva,switzerland,new York,new York,,,,,,,,,
2008,,Joe Bradley,1975,old orchard beach,maine,new York,new York,,,,,,,,,
2008,,Matthew Brannon,1971,saint maries,idaho,new York,new York,,,,,,,,,
2008,,Bozidar Brazda,1972,cambridge,canada,new York,new York,,,,,,,,,
2008,,Olaf Breuning,1970,schaffhausen,switzerland,new York,new York,,,,,,,,,
2008,,Jedidiah Caesar,1973,oakland,california,Los Angeles,california,,,,,,,,,
2008,,William Cordova,1971,lima,peru,houston,texas,miami,florida,,,,,,,
2008,,Stuart Bailey,1973,york,england,new york,new york,,,,,,,,,
2008,,David Reinfurt,1971,chapel hill,north carolina,new york,new york,,,,,,,,,
2008,,Harry Dodge,1966,San Francisco,ca,Los Angeles,california,,,,,,,,,
2008,,Stanya Kahn,1968,San Francisco,ca,Los Angeles,california,,,,,,,,,
2008,,Shannon Ebner,1971,englewood,new jersey,los Angeles,california,,,,,,,,,
2008,,Gardar Eide Einarsson,1976,oslo,norway,new york,new york,,,,,,,,,
2008,,Roe Ethridge,1969,miami,Florida;,new york,new york,,,,,,,,,
2008,,Kevin Jerome Everson,1965,mansfield,ohio,charlottesville,virginia,,,,,,,,,
2008,,Omer Fast,1972,jerusalem,Israel,berlin,germany,,,,,,,,,
2008,,Robert Fenz,1969,ann arbor,michigan,cambridge,Massachusetts,,,,,,,,,
2008,,Coco Fusco,1960,new york,new york,new york,new york,,,,,,,,,
2008,,Gang Gang Dance,,,,,,,,,,,,,,
2008,,Amy Granat,1976,Saint Louis,missouri,new york,new york,,,,,,,,,
2008,,Drew Heitzler,1972,charleston,south carolina,los angeles,ca,,,,,,,,,
2008,,Rashawn Griffin,1980,los angeles,ca,new york,new york,,,,,,,,,
2008,,Adler Guerrier,1975,port-au-prince,haiti,miami,florida,,,,,,,,,
2008,,MK Guth,1963,stevens point,wisconsin,portland,oregon,,,,,,,,,
2008,,Fritz Haeg,1969,saint cloud,minnesota,los angeles,california,,,,,,,,,
2008,,Rachel Harrison,1966,new york,new york,new york,new york,,,,,,,,,
2008,,Ellen Harvey,1967,kent,england,new york,new york,,,,,,,,,
2008,,Mary Heilmann,1940,san francisco,california,new york,new york,,,,,,,,,
2008,,Leslie Hewitt,1977,new york,new york,new york,new york,houston,texas,,,,,,,
2008,,Patrick Hill,1972,royal oak,michigan,los angeles,california,,,,,,,,,
2008,,William E. Jones,1962,canton,ohio,los angeles,california,,,,,,,,,
2008,,Karen Kilimnik,1957,philadelphia,pennsylvania,philadelphia,pennsylvania,,,,,,,,,
2008,,Alice Konitz,1970,essen ,germany,los angeles,california,,,,,,,,,
2008,,Louise Lawler,1947,bronxville,new york,new york,new york,,,,,,,,,
2008,,Spike Lee,1957,atlanta,georgia,new york,new york,,,,,,,,,
2008,,Sherrie Levine,1947,hazleton,pennsylvania,santa fe,new mexico,new york,new york,,,,,,,
2008,,Charles Long,1958,long branch,new jersey,los angeles,california,,,,,,,,,
2008,,luke fischbeck,1978,san francisco,ca,los angeles,california,,,,,,,,,
2008,,Daniel Joseph Martinez,1957,los angeles,ca,los angeles,california,,,,,,,,,
2008,,Corey McCorkle,1969,la crosse,wisconsin,new york,new york,,,,,,,,,
2008,,Rodney McMillian,1969,columbia,south carolina,los angeles,california,,,,,,,,,
2008,,Julia Meltzer,1968,hollywood,california,los angeles,california,,,,,,,,,
,,David Thorne,1960,boston,ma,los angeles,california,,,,,,,,,
2008,,Jennifer Montgomery,1961,new york,new york,chicago,illinois,,,,,,,,,
2008,,Olivier Mosset,1944,bern,switzerland,tuscon,arizona,,,,,,,,,
2008,,Matt Mullican,1951,santa monica,california,new york,new york,,,,,,,,,
2008,,NPR (neighborhood public radio),,,,,,,,,,,,,,
2008,,Ruben Ochoa,1974,oceanside,california,los angeles,california,,,,,,,,,
2008,,DJ Olive,1961,boston,ma,new york,new york,,,,,,,,,
2008,,Mitzi Pederson,1976,stuart,florida,san francisco,california,,,,,,,,,
2008,,kembra pfahler,1961,hermosa beach,california,new york,new york,,,,,,,,,
2008,,Seth Price,1973,east jerusalem,israel,new york,new york,,,,,,,,,
2008,,Stephen Prina,1954,galesburg,illinois,cambridge,ma,los angeles,california,,,,,,,
2008,,Adam Putnam,1973,new york,new york,new york,new york,,,,,,,,,
2008,,Michael Queenland,1970,pasadena,california,new york,new york,,,,,,,,,
2008,,Jason Rhoades,1965,newcastle,california,los angeles,california,,,,,,,,,
2008,,Ry Rocklen,1978,los angeles,california,los angeles,california,,,,,,,,,
2008,,Bert Rodriguez,1975,miami,florida,miami,florida,,,,,,,,,
2008,,Marina Rosenfeld,1968,new york,new york,new york,new york,,,,,,,,,
2008,,Amanda Ross-Ho,1975,chicago,illinois,los angeles,california,,,,,,,,,
2008,,Mika Rottenberg,1976,buenos aires,argentina,new york,new york,,,,,,,,,
2008,,Heather Rowe,1970,new haven,connecticut,new york,new york,,,,,,,,,
2008,,Eduardo Sarabia,1976,los angeles,california,guadalajara,mexico,berlin,germany,,,,,,,
2008,,Melanie Schiff,1977,chicago,illinois,chicago,illinois,,,,,,,,,
2008,,Amie Siegel,1974,chicago,illinois,new york,new york,berlin,germany,,,,,,,
2008,,Lisa Sigal,1962,philadelphia,pennsylvania,new york,new york,,,,,,,,,
2008,,Gretchen Skogerson,1970,teaneck,new jersey,new york,new york,,,,,,,,,
2008,,Michael Smith,1951,chicago,illinois,austin,texas,new york,new york,,,,,,,
2008,,Agathe Snow,1976,corsica,france,new york,new york,,,,,,,,,
2008,,Frances Stark,1967,newport beach,california,los angeles,california,,,,,,,,,
2008,,Mika Tajima,1975,los angeles,california,new york,new york,,,,,,,,,
2008,,howie chen,1976,cincinnati,ohio,new york,new york,,,,,,,,,
2008,,Javier Tellez,1969,valencia,vennezuela,new york,new york,,,,,,,,,
2008,,Cheyney Thompson,1975,baton rouge,louisiana,new york,new york,,,,,,,,,
2008,,Mungo Thomson,1969,woodland,california,los angeles,california,berlin,germany,,,,,,,
2008,,Leslie Thornton,1951,oak ridge,tennessee,new york,new york,,,,,,,,,
2008,,Phoebe Washburn,1973,poughkeepsie,new york,new york,new york,,,,,,,,,
2008,,James Welling,1951,hartford,connecticut,los angeles,california,,,,,,,,,
2008,,Mario Ybarra Jr.,1973,los angeles,california,los angeles,california,,,,,,,,,
2006,,Jennifer Allora,1974,philadelphia,pennsylvania,san juan,puerto rico,,,,,,,,,
2006,,Guillermo Calzadilla,1971,havana,cuba,san juan,puerto rico,,,,,,,,,
2006,,Dawolu Jabari Anderson,1973,houston,texas,houston,texas,,,,,,,,,
2006,,Kenneth Anger,1927,santa monica,california,hollywood,california,,,,,,,,,
2006,,Dominic Angerame,1949,albany,new york,san francisco,california,,,,,,,,,
2006,,Christina Battle,1975,edmonton,canada,toronto,canada,,,,,,,,,
2006,,James Benning,1942,milwaukee,wisconsin,val verde,california,,,,,,,,,
2006,,Bernadette Corporation,,,,,,,,,,,,,,
2006,,Amy Blakemore,1958,tulsa,oklahoma,houston,texas,,,,,,,,,
2006,,Louise Bourque,1963,edmundston New Brunswick,canada,malden,ma,,,,,,,,,
2006,,Mark Bradford,1961,los angeles,california,los angeles,california,,,,,,,,,
2006,,Troy Brauntuch,1954,jersey city,new jersey,austin,texas,,,,,,,,,
2006,,Anthony Burdin,,encino,california,,california,,,,,,,,,
2006,,George Butler,1943,chester,england,holderness,new hampshire,,,,,,,,,
2006,,Carter,1970,norwich,connecticut,new york,new york,,,,,,,,,
2006,,Carolina Caycedo,1978,london ,england,new york,new york,san juan,puerto rico,,,,,,,
2006,,Center for Land Use and Interpretation,,,,,,,,,,,,,,
2006,,Paul Chan,1973,hong kong,hong kong,new york,new york,,,,,,,,,
2006,,Daisy Wright,1969,new york,new york,new york,new york,,,,,,,,,
,,Lori Cheatle,1959,niagara falls,new york,brooklyn,new york,,,,,,,,,
2006,,Ira Cohen,1935,new york,new york,new york,new york,,,,,,,,,
2006,,Martha Colburn,1971,gettysburg,pennsylvania,new york,new york,amsterdam,netherlands,,,,,,,
2006,,Dan Colen,1979,leonia,new jersey,new york,new york,,,,,,,,,
2006,,Anne Collier,1970,los angeles,california,new york,new york,,,,,,,,,
2006,,Tony Conrad,1940,concord,new hampshire,buffalo,new york,,,,,,,,,
2006,,Critical Art Ensemble,,,,,,,,,,,,,,
2006,,Jamal Cyrus,1973,houston,texas,houston,texas,,,,,,,,,
2006,,Miles Davis,1926,alton,illinois,santa monica,california,,,1991,"RU Legal, 1991. Oil on canvas, 36 x 50 in. (91.4 x 127 cm). Anonymous collection",,,,,
2006,,Deep Dish TV Network,,,,,,,,,,,,,,
2006,,Lucas deGiulio,1977,dearborn,michigan,san francisco,california,,,,"Can Barnacles, 2005. Aluminum can, barnacles, 4½ x 3 in. (11.4 x 7.6 cm). Collection of the artist",,,,,
2006,,Mark & Tiravanija	Rirkrit	DiSuvero,1969,los angeles,california,paris,france,,,,"Artists’ Tower for Peace, 1966. Steel and mixed media, 55 ft. (16.8 m). Installed Los Angeles",,,,,
2006,,Peter Doig,1959,edinburgh,scotland,san francisco,california,,,,"Cover of Reena Spaulings, published by Semiotext(e), 2005",,,,,
2006,,Trisha Donnelly,1974,san francisco,california,san francisco,california,,,,"The Grounding, 2004. Gelatin silver print, 48 x 47½ in. (122 x 121 cm). Collection of the artist; courtesy Casey Kaplan, New York",,,,,
2006,,Jimmie Durham,1940,united states,united states,berlin,germany,,,,"Still from La Poursuite du bonheur/The Pursuit of Happiness, 2003. 35mm film, color, sound; 13 min.",,,,,
2006,,Kenya Evans,1974,sumter,south carolina,houston ,texas,,,,"Untitled (Overseer), 2003. Acrylic, latex, marker, and graphite on canvas, 30 x 38 in. (76.2 x 96.5 cm). Collection of the artist",,,,,
2006,,Urs Fischer,1973,zurich,switzerland,zurich,switzerland,los angeles,california,,"Bread House, 2004 (installation view, Fondazione Nicola Trussardi, Milan, May 2005). Bread, wood, screws, expanding foam, and light, 144 x 209 1/8 x 185 7/8 in. (366 x 533 x 472 cm). Collection of Angela and Massimo Lauro; courtesy Galerie Eva Presenhuber, Zurich, and Gavin Brown’s enterprise, New York",,,,,
2006,,David Gatten,1971,ann arbor,michigan,ithaca,new york,brooklyn,new york,,"Still from The Great Art of Knowing, 2004. 16mm film, black-and-white, silent; 37 min.",,,,,
2006,,Joe Gibbons,1953,providence,rhode island,malden ,ma,,,,"Still from Doppelganger Part 1, 2005. Video, color, sound; 10 min.",,,,,
2006,,Robert Gober,1954,wallingford,connecticut,new york,new york,,,,"Detail from 1978–2000, 1978–2000. Gelatin silver print, 25½ x 33¾ in. (64.8 x 85.7 cm). Collection of the artist; courtesy Matthew Marks Gallery, New York",,,,,
2006,,Deva Graf,1974,lafayette,indiana,arizona,arizona,,,,"Untitled Figure, 2003. T-shirt and mixed media. 60 x 8 x 8 in. (152.4 x 20.3 x 20.3 cm). Collection of Lorelei Stewart and Andreas Fischer",,,,,
2006,,w/ Tony Oursler	Rodney Graham	Dan Graham,,,,,,,,,,,,,,
2006,,Rodney Graham,1949,vancouver,canada,vancouver,canada,,,,"Torqued Chandelier Release, 2005 (installation view, Donald Young Gallery, Chicago). 35mm film, color, silent; 5 min. Projected at 48 fps on a Kinoton PK-60E/PC high-speed electronic vertical formatted film projector with endless loop system. Projector dimensions: 68 x 64 x 30 in. (172.7 x 162.6 x 76.2 cm). The Art Institute of Chicago",,,,,
2006,,Hannah Greely,1979,los angeles,california,los angeles,california,,,,"Silencer, 2002. Urethane rubber, nylon. 36x 24 x 18 in. (91.4 x 61 x 45.7 cm). Colection of Dean Valentine and Amy Adelson",,,,,
2006,,Mark Grotjahn,1968,pasadena,california,los angeles,california,,,,"Untitled (White Butterfly), 2005. Oil on linen. 75 x 49 in. (190.5 x 124.5 cm). Walker Art Center, Minneapolis",,,,,
2006,,Jay Heikes,1975,princeton,new jersey,brooklyn,new york,minneapolis,minnesota,,"So There’s This Pirate… (Still 1300), 2005. Tempera, marker, and graphite on photocopy, 30 x 40 in. (76.2 x 101.6 cm). Private collection",,,,,
2006,,Doug Henry,1954,las vegas,nevada,los angeles,california,,,,"Stills from Eatin’ Pizza v1.0, 2004. Video, color, sound; running time variable",,,,,
2006,,Pierre Huyghe,1962,paris,france,new york,new york,,,,"Still from A Journey That Wasn’t, 2005. Super 16mm film and high-definition video transferred to high-definition video, color, sound. Filming in Central Park, New York, a project of the Public Art Fund. Collection of the artist; courtesy Marian Goodman Gallery, New York and Paris",,,,,
2006,,Dorothy Iannone,1932,boston,massachusetts,berlin,germany,,,,"Suck My Breasts I Am Your Most Beautiful Mother, 1972. Acrylic and canvas collage on canvas, 74 13/16 x 59 1/16 in. (190 x 150 cm). Private collection",,,,,
2006,,Matthew Day Jackson,1974,panorama city,california,brooklyn,new york,,,,"Eleanor, from American Martyr series, 2005. Spiked leather, yarn, scorched wood, stained wood, wood-burned drawing, polymer clay, abalone, mother-of-pearl, and panther taxidermy eyes, 120 x 96 in. (304.8 x 243.8 cm). Collection of Astrup Fearnley; courtesy Perry Rubenstein Gallery, New York",,,,,
2006,,Cameron Jamie,1969,los angeles,california,paris,france,,,,"Study for Kranky Klaus, 2002. Gelatin silver print, 10¼ x 14 in. (26 x 35.6 cm). Collection of the artist; courtesy Bernier/Eliades Gallery, Athens",,,,,
2006,,Natalie Jeremijenko,1966,mackay,australia,new york,new york,,,,"Goosing_ 7714: a folorn leda [robotic goose 5.6] piloted by humans ashore experiences social rejection from her biological counterparts from OOZ Goose translation database, February 15, 2004. Robotic goose, goose control system, uncaged feral geese in urban setting, and database of annotated audio and video clips, using php scripting, MySQL database on Apache webserver, dimensions variable. Collection De Verbeelding art landscape nature, the Netherlands",,,,,
2006,,Daniel Johnston,1961,sacramento,california,waller,texas,,,,"Goodnite, 2005. Color marker on card stock, 8½ x 11 in. (21.6 x 27.9 cm). Collection of the artist",,,,,
2006,,Lewis Klahr,1956,new york,new york,los angeles,california,,,,"Still from The Two Minutes to Zero Trilogy, 2003–4. 16mm film, color, sound; 33 min.",,,,,
2006,,Jutta Koether,1958,cologne,germany,new york,new york,,,,"Very Lost Highway, 2005 (installation view, Galerie Daniel Buchholz, Cologne). Installation with drawings, paintings, and miscellaneous media, dimensions variable. Collection of the artist; courtesy Galerie Daniel Buchholz, Cologne",,,,,
2006,,Andrew Lampert,1976,st. louis,missouri,brooklyn,new york,,,,"Still from Varieties of Slow, 2005. Triple-projection film and performance, dimensions variable. Courtesy Public Opinion Laboratory, New York",,,,,
2006,,Lisa Lapinski,1967,palo alto,california,los angeles,california,,,,"Sketch model for Nightstand, 2005. Mixed media, dimensions variable. Collection of the artist; courtesy Richard Telles Fine Art, Los Angeles",,,,,
2006,,Liz Larner,1960,sacramento,california,los angeles,california,,,,"RWBs, 2005. Aluminum tubing, batting, fabric, ribbons, wire rope, padlocks, and keys, 82 x 117 x 117 in. (208.3 x 297.2 x 297.2 cm). Collection of the artist; courtesy Regen Projects, Los Angeles",,,,,
2006,,Hanna Liden,1976,stockholm,sweden,new york,new york,,,,"Swamp Walkers II, 2005. Chromogenic color print, 30 x 40 in. (76.2 x 101.6 cm). Collection of the artist; courtesy Rivington Arms, New York",,,,,
2006,,Jeanne Liotta,1960,new york,new york,new york,new york,,,,"Stills from Eclipse, 2005. 16mm film, color, sound; 3:30 min.",,,,,
2006,,Marie Losier,1972,boulogne,france,new york,new york,,,,"Still from The Ontological Cowboy, 2005. 16mm film, black-and-white and color, sound; 13 min.",,,,,
2006,,Florian Maier-Aichen,1973,stuttgart,germany,cologne,germany,los angeles,california,,"Untitled (Long Beach), 2004. Chromogenic color print, 711/2 x 921/2 in. (181.6 x 235 cm). Private collection; courtesy Blum & Poe, Los Angeles",,,,,
2006,,Monica Majoli,1963,los angeles,california,los angeles,california,,,,"Hanging Rubberman #3, 2004. Watercolor and gouache on paper, 51 x 96 in. (129.5 x 243.8 cm). The Museum of Modern Art, New York, The Judith Rothschild Foundation Contemporary Drawings Collection",,,,,
2006,,Yuri Masnyj,1976,washington DC,washington DC,new york,new york,,,,"Climbing the Hole, 2005. Graphite on paper, 35¾ x 48 in. (90.8 x 121.9 cm). Collection of the artist; courtesy Metro Pictures, New York",,,,,
2006,,T.Kelly Mason,1964,hollywood,california,los angeles,california,,,,"Production still from JUMP, 2004. 16mm film, color, sound; 16 min.",,,,,
,,Diana Thater,1962,san francisco,california,los angeles,california,,,,"Production still from JUMP, 2004. 16mm film, color, sound; 16 min.",,,,,
2006,,Taylor Mead,1924,grosse point,michigan,new york,new york,,,,"Taylor Mead, photographed by Bryce Lankard",,,,,
2006,,Adam McEwen,1965,london,england,new york,new york,,,,"Untitled (Jeff), 2004. Chromogenic color print, 52¾ x 37 in. (134 x 94 cm). Private collection; courtesy Nicole Klagsbrun Gallery, New York",,,,,
2006,,Josephine Meckseper,1964,lilienthal,germany,new york,new york,,,,"The Complete History of Postcontemporary Art, 2005. Mixed media in display window, 63 x 98½ x 23 in.(160 x 250.2 x 60 cm). Collection of the artist; courtesy Elizabeth Dee, New York",,,,,
2006,,Marilyn Minter,1948,shreveport,louisiana,new york,new york,,,,"Stepping Up, 2005. Enamel on metal, 96 x 60 in. (243.8 x 152.4 cm). Private collection; courtesy Salon 94, New York",,,,,
2006,,Nicholas Currie,1967,paisley,scotland,berlin,germany,,,,"I’ll Speak, You Sing, 2005. Performance with Mai Ueda. Courtesy Zach Feuer Gallery, New York",,,,,
2006,,Matthew Monahan,1972,eureka,california,los angeles,california,,,,"Installation view at Anton Kern Gallery, New York, 2005",,,,,
2006,,JP Munro,1975,inglewood,california,los angeles,california,,,,"The Vision of St. Eustace, Master Hunter, 2005. Oil on linen, 60 x 48 in. (152 x 121.9 cm). Collection of Sadie Coles HQ, London",,,,,
2006,,Jesus 'Bubu' Negrón,1975,barceloneta,puerto rico,san juan,puerto rico,barceloneta,puerto rico,,"Brite Bikes, 2005. Reflective tape on bikes, marathon. Courtesy Galería Comercial, San Juan",,,,,
2006,,Kori Newkirk,1970,bronx,new york,los angeles,california,,,,"Glint, 2005. Artificial hair, pony beads, aluminum, and dye, 92 x 84 x 48 in. (233.7 x 213.4 x 121.9 cm). Museum of Contemporary Art, San Diego",,,,,
2006,,Todd Norsten,1967,sunburg,minnesota,minneapolis,minnesota,,,,"Untitled (Bucket of Blood), 2005. Gouache on paper, 15½ x 12½ in. (39.4 x 31.8 cm). Collection of the artist; courtesy Cohan and Leslie, New York",,,,,
2006,,Jim O'Rourke,1969,chicago,illinois,new york,new york,,,,"Still from Door, 2005. Three-screen video installation, color, sound; 20-min. continuous loop. Collection of the artist",,,,,
2006,,Otabenga Jones & Associates,,,,,,,,,,,,,,
2006,,Steven Parrino,1958,new york,new york,new york,new york,,,2005,"Untitled, 2004. Enamel on canvas, 102½ x 107 x 140 in. (260.4 x 271.8 x 355.6 cm). Estate of the artist; courtesy Team Gallery, New York",,,,,
2006,,Ed Paschke,1939,chicago,illinois,chicago,illinois,,,,"Non, 2003. Oil on linen, 36 x 50 in. (91.4 x 127 cm). Estate of the artist",,,,,
2006,,Mathias Poledna,1965,vienna,austria,los angeles,california,,,,"Still from Version, 2004. 16mm film, black-and-white, silent; 10:10 min. Collection of the artist; courtesy Richard Telles Fine Art, Los Angeles; Galerie Meyer Kainer, Vienna; and Galerie Daniel Buchholz, Cologne",,,,,
2006,,Robert Pruitt,1975,houston,texas,houston,texas,,,,"This Do in Remembrance of Me, 2005. Wood communion table, two iPod Minis, mixer, hair, wine, and various altar offerings, dimensions variable. Collection of the artist; courtesy Clementine Gallery, New York",,,,,
2006,,Jennifer Reeves,1971,colombo,sri lanka,new york,new york,,,,"Still from The Time We Killed, 2004. 16mm film, black-and-white, sound; 94 min.",,,,,
2006,,Gedi Sibony,1973,new york,new york,brooklyn,new york,,,,"The Qualities Depend on Other Qualities, 2004 (installation view, Canada, New York). Sticks, carpet, vinyl, wood filler, medium density fiberboard, hollow-core door, and cardboard, dimensions variable. Collections of Carol and Arthur Goldberg, and Greg Miller",,,,,
2006,,Richard Serra,1939,san francisco,california,new york,new york,,,,"Stop Bush, 2004. Lithocrayon on mylar, 59¼ x 48 in. (150.5 x 121.9 cm). Collection of the artist",,,,,
2006,,Jennie Smith,1981,san francisco,california,san francisco,california,,,,"Animal Slumbers, 2004 (detail). Graphite and watercolor on paper, 15 x 17 in. (38.1 x 43.2 cm). Collection of the artist",,,,,
2006,,Dash Snow,1981,new york,new york,new york,new york,,,,"Untitled (Dog in garbage), 2002. Digital chromogenic color print, 20 x 20 in. (50.8 x 50.8 cm). Private collection; courtesy Rivington Arms, New York",,,,,
2006,,Michael Snow,1929,toronto,canada,toronto,canada,,,,"Still from SSHTOORRTY, 2005. 35mm film and 16mm film transferred to video, color, sound; 20 min.",,,,,
2006,,Reena Spaulings,,,,,,,,,,,,,,
2006,,Rudolf Stingel,1956,merano,italy,new york ,new york,,,,"Untitled (After Sam), 2005. Oil on canvas, 15 x 20½ in. (38 x 52 cm). Private collection; courtesy Galleria Massimo de Carlo, Milan, and Paula Cooper Gallery, New York",,,,,
2006,,Angela Strassheim,1969,bloomfield,iowa,minneapolis,minnesota,new york,new york,,"Untitled (Father and Son), from the Left Behind series, 2004. Digital chromogenic color print, 40 x 30 in. (101.6 x 76.2 cm). Collection of the artist; courtesy Marvelli Gallery, New York",,,,,
2006,,Zoe Strauss,1970,philadelphia,pennsylvania,philadelphia,pennsylvania,,,,"Mom Were OK, detail from I-95 series, Gulfport, Mississippi, September 2005. Digital chromogenic print, dimensions variable. Collection of the artist",,,,,
2006,,Studio Film Club,,,,,,,,,,,,,,
2006,,Sturtevant,1930,lakewood,ohio,paris,france,,,,"Push & Shove, 2005 (installation view, Perry Rubenstein Gallery, New York)",,,,,
2006,,Billy Sullivan,1946,new york,new york,new york,new york,,,,,,,,,
2006,,Spencer Sweeney,1973,philadelphia,pennsylvania,new york,new york,,,,"Fun, 2005. Oil on canvas, 48 x 48 in. (121.9 x 121.9 cm). Collection of Shane Akeroyd; courtesy Gavin Brown’s enterprise, New York",,,,,
2006,,Ryan Trecartin,1981,webster,texas,new orleans,louisiana,,,,"Still from A Family Finds Entertainment, 2004. Video, color, sound; 41:12 min. Collection of the artist; courtesy Elizabeth Dee, New York, and Q.E.D., Los Angeles",,,,,
2006,,Chris Vasell,1974,grand rapids,michigan,los angeles,california,,,,"Cephalic Isolation, 2005. Acrylic on canvas, 82 x 68 in. (208.3 x 172.7 cm). Collection of Dean Valentine and Amy Adelson; courtesy Blum & Poe, Los Angeles",,,,,
2006,,Francesco Vezzoli,1971,brescia,italy,milan,italy,,,,"Still from Trailer for a Remake of Gore Vidal’s “Caligula,” 2005. 35mm film transferred to video, color, sound; 5:35 min. Castello di Rivoli Museo d’Arte Contemporanea",,,,,
2006,,Kelley Walker,1969,columbus,georgia,new york,new york,,,,"Black Star Press (rotated 90 degrees); Black Press, Black Star, 2005. Milk chocolate and dark chocolate on digital print on canvas, 84 x 208 in. (213.4 x 528.4 cm). Carlos and Rosa de la Cruz Collection; courtesy Paula Cooper Gallery, New York",,,,,
2006,,Nari Ward,1963,saint andrew,jamaica,new york,new york,,,,"Glory, 2004. Oil barrels, ultraviolet and fluorescent lights, computer parts, plexiglass, fan, camera casings, audio element, towels, and rubber roofing membrane, dimensions variable. Collection of the artist; courtesy Deitch Projects, New York",,,,,
2006,,Christopher Williams,1965,los angeles,california,los angeles,california,,,,"Kiev MC Arsat (Zodiak-8) 30mm f3.5, 1:3.5, Product Aperture f/3.5, Serial Number 870701, Medium Format Camera Lens, Douglas M. Parker Studio, Glendale, California. August 4, 2005, 2005. Black-and-white fiber print, 16 x 20 in. (40.6 x 50.8 cm). Collection of the artist; courtesy David Zwirner, New York",,,,,
2006,,Jordan Wolfson,1980,new york,new york,new york,new york,berlin,germany,,"Untitled (Frank Painting Company, Inc.), 1966/ 2006. Scraped and repainted wall. Courtesy Jack Frank and family",,,,,
2006,,Wrong Gallery,,,,,,,,,,,,,,
2006,,Aaron Young,1972,san francisco,california,new york,new york,,,,"“LOCALS ONLY!” (Bayonne, New Jersey), 2006. Bronze and acrylic paint, 42 x 30 in. (106.7 x 76.2 cm). Collection of the artist; courtesy Harris Lieberman, New York",,,,,
2000,,Dennis Adams,1948,Des Moines,iowa,New York and,Cambridge,Mass.,,,,,,,,
2000,,Doug Aitken,1968,Redondo Beach,Calif.,Los Angeles and,california,New York,New York,,,,,,,
2000,,Ghada Amer,1963,Cairo,egypt,New York,New York,,,,,,,,,
2000,,Lutz Bacher,,the United States,the United States,Berkeley,california,,,,,,,,,
2000,,Rina Banerjee,1963,Calcutta,india,Brooklyn,new york,State College,Pa.,,,,,,,
2000,,Vanessa Beecroft,1969,Genoa,Italy,New York,New York,,,,,,,,,
2000,,Linda Besemer,1957,South Bend,Ind.,Los Angeles,california,,,,,,,,,
2000,,Dawoud Bey,1953,Jamaica,Queens,Chicago,il,,,,,,,,,
2000,,Chakaia Booker,1953,Newark,new jersey,New York,New York,,,,,,,,,
2000,,M. W. Burns,1958,Stamford,Conn.,Chicago,il,,,,,,,,,
2000,,Cai Guo-Qiang,1957,Fujian Province,China,New York,New York,,,,,,,,,
2000,,Ingrid Calame,1965,New York,new york,los angeles,ca,,,,,,,,,
2000,,Luis Camnitzer,1937,Lübeck,Germany,Great Neck,N.Y.,,,,,,,,,
2000,,John Coplans,1920,London,england,new york,new york,,,,,,,,,
2000,,Petah Coyne,1953,Oklahoma City,oklahoma,New York,New York,,,,,,,,,
2000,,John Currin,1962,Boulder,Colo.,New York,New York,,,,,,,,,
2000,,E. V. Day,1967,New York,New York,Brooklyn,New York,,,,,,,,,
2000,,Roman de Salvo,1965,San Francisco,california,San Diego,california,,,,,,,,,
2000,,William De Lottie,1942,New Britain,Conn.,Eastford,Conn.,,,,,,,,,
2000,,Thornton Dial,1951,Birmingham,Ala.,Besemer,Ala.,,,,,,,,,
2000,,Anthony Discenza Born,1967,New Brunswick,N.J.,Oakland,Calif.,,,,,,,,,
2000,,Kim Dingle,1951,Pomona,Calif.,Los Angeles,Calif.,,,,,,,,,
2000,,Tara Donovan,1969,New York,New york,Richmond,Va.,,,,,,,,,
2000,,James Drake,1946,Lubbock,texas,New York,new york,El Paso,texas,,,,,,,
2000,,Leandro Erlich,1973,Buenos Aires,argentina,Houston,texas,,,,,,,,,
2000,,Vernon Fisher,1943,Fort Worth,texas,fort worth,texas,,,,,,,,,
2000,,Suzan Frecon,1941,Mexico,mexico,New York,new york,,,,,,,,,
2000,,Brian Fridge,1969,Fort Worth,texas,fort worth,texas,,,,,,,,,
2000,,Dara Friedman,1968,Bad Kreuznach,Germany,Miami,fl,,,,,,,,,
2000,,Robert Gober,1954,Wallingford,Conn.,New York,new york,,,,,,,,,
2000,,Kojo Griffin,1971,Farmville,Va.,Atlanta,georgia,,,,,,,,,
2000,,Joseph Grigely,1956,Springfield,Mass.,Jersey City and,new jersey,Ann Arbor,Mich.,,,,,,,
2000,,Hans Haacke,1936,Cologne,Germany,New York,New York,,,,,,,,,
2000,,Trenton Doyle Hancock,1974,Oklahoma City,oklahoma,Paris,Tex.,,,,,,,,,
2000,,Joseph Havel,1954,Minneapolis,minnesota,Houston,texas,,,,,,,,,
2000,,Salomon Huerta,1965,Tijuana,Mexico,Los Angeles,california,,,,,,,,,
2000,,Arthur Jafa,1960,Tupelo,Miss.,New York,new york,,,,,,,,,
2000,,Michael Joo,1966,Ithaca,N.Y.,New York,new york,,,,,,,,,
2000,,Kurt Kauper,1966,Indianapolis,indiana,Brooklyn,new york,,,,,,,,,
2000,,Silvia Kolbowski,1953,Bueno Aires,argentina,New York,New York,,,,,,,,,
2000,,Louise Lawler,1947,Bronxville,N.Y.,New York,New York,,,,,,,,,
2000,,Annette Lemieux,1957,Norfolk,Va.,Boston,ma,,,,,,,,,
2000,,Sharon Lockhart,1964,Norwood,Mass.,Los Angeles,california,,,,,,,,,
2000,,Inigo Manglano-Ovalle,1961,Madrid,spain,Chicago,il,,,,,,,,,
2000,,Joseph Marioni,1943,Cincinnati,ohio,New York,new york,,,,,,,,,
2000,,Josiah McElheny,1966,Boston,mass.,Seattle,washington,,,,,,,,,
2000,,Franco Mondini-Ruiz,1961,San Antonio,texas,San Antonio,texas,New York,New York,,,,,,,
2000,,Vik Muniz,1961,São Paulo,Brazil,New York,,,,,,,,,,
2000,,Shirin Neshat,1957,Qazvin,Iran,New York,,,,,,,,,,
2000,,Paul Pfeiffer,1966,Honolulu,hawaii,New York,New York,,,,,,,,,
2000,,Carl and Karen Pope,1961,Indianapolis,indiana,Indianapolis,indiana,Chapel Hill,N.C.,,,,,,,
2000,,Marcos Ramírez Erre,1961,Tijuana,Mexico,Tijuana,Mexico,San Diego,ca,,,,,,,
2000,,Laurie Reid,1964,Minneapolis,minnisota,Berkeley,Calif.,,,,,,,,,
2000,,Kay Rosen,1949,Corpus Christi,Tex.,Gary,Ind.,,,,,,,,,
2000,,Michal Rovner,1957,Tel Aviv,isarel,New York,New York,,,,,,,,,
2000,,Katherine Sherwood,1952,New Orleans,louisiana,Rodeo,Calif.,,,,,,,,,
2000,,Al Souza,1944,Plymouth,Mass.,Houston,texas,,,,,,,,,
2000,,Sarah Sze,1969,Boston,Mass.,Brooklyn,New York,,,,,,,,,
2000,,Richard Tuttle,1941,Rahway,N.J.,New York,New York,Abiquiu,N.M.,,,,,,,
2000,,Chris Verene,1969,Galesburg,Ill.,Atlanta,georgia,,,,,,,,,
2000,,Krzysztof Wodiczko,1943,Warsaw,poland,New York,New York,Cambridge,Mass.,,,,,,,
2000,,Yukinori Yanagi,1959,Fukuoka,Japan,New York,New York,,,,,,,,,
2000,,Lisa Yuskavage,1962,Philadelphia,Pennsylvia,New York,New York,,,,,,,,,
2000,,Craig Baldwin,1952,Oakland,Calif.,San Francisco,california,,,,,,,,,
2000,,Rebecca Baron,1968,Baltimore,maryland,New York,New York,,,,,,,,,
2000,,Rolf Belgum,1965,Minneapolis,minnisota,Minneapolis,minnisota,,,,,,,,,
2000,,Sadie Benning,1973,Milwaukee,wisconsin,Chicago,ill,,,,,,,,,
2000,,Robin Bernat,1965,Monroe,Ill.,Atlanta,georgia,,,,,,,,,
2000,,Jem Cohen,1962,Kabul,Afghanistan,Brooklyn,New York,,,,,,,,,
2000,,Nathaniel Dorsky,1943,New York,New York,San Francisco,california,,,,,,,,,
2000,,Theresa Duncan,1968,Detroit and,michigan,new york,new york,,,,,,,,,
2000,,Jeremy Blake,1971,Fort Sill,Okla.,new york,new york,,,,,,,,,
2000,,Joe Gibbons,1953,Providence,R.I.,New York,new york,,,,,,,,,
2000,,Jill Godmilow,1943,Philadelphia,pennsylvania,South Bend,Ind.,,,,,,,,,
2000,,T. Kim-Trang Tran,1966,Saigon,vietnam,Los Angeles,california,,,,,,,,,
2000,,Harmony Korine,1974,Bolinas,Calif.,New York,New York,,,,,,,,,
2000,,Ruth Leitman,1961,Philadelphia,pennsylvania,Atlanta,georgia,,,,,,,,,
2000,,Les LeVeque,1952,Cortex,Calif.,New York,New York,,,,,,,,,
2000,,Sharon Lockhart,1964,Norwood,Mass.,Los Angeles,california,,,,,,,,,
2000,,Anne Makepeace,1947,Waterbury,Conn.,Santa Barbara,Calif.,,,,,,,,,
2000,,Errol Morris,1948,Hewitt,N.Y.,Cambridge,Mass.,,,,,,,,,
2000,,Mandy Morrison,1957,New York,new York,Brooklyn,new York,,,,,,,,,
2000,,Nic Nicosia,1951,Dallas,texas,Dallas,texas,,,,,,,,,
2000,,Walid Ra'ad,1967,Chbanieh,Lebanon,Brooklyn,new York,,,,,,,,,
2000,,Jennifer Reeder,1971,Columbus,Ohio,Chicago,ill,,,,,,,,,
2000,,Elisabeth Subrin,1964,Boston,Mass.,Brooklyn,new York,,,,,,,,,
2000,,Chris Sullivan,1960,Pittsburgh,pennsylvania,Chicago,ill,,,,,,,,,
2000,,Ayanna U'Dongo,1952,South Bend,Ind.,Oakland,Calif.,,,,,,,,,
2000,,Yvonne Welbon,1962,Chicago,Ill.,Chicago,Ill.,,,,,,,,,
2000,,Mark Amerika,1960,Miami,fl,Boulder,Colo.,,,,,,,,,
2000,,Lew Baldwin,1969,East Brunswick,N.J.,San Francisco,california,,,,,,,,,
2000,,Ben Benjamin,1970,Indianapolis,indiana,San Francisco,california,,,,,,,,,
2000,,Ken Goldberg,1961,Bethlehem,Pa.,Berkeley,Calif.,,,,,,,,,
2000,,John F. Simon Jr.,1963,Louisiana,Louisiana,New York,New York,,,,,,,,,
2000,,Darcey Steinke,1963,Oneida,N.Y.,Brooklyn,New York,,,,,,,,,
2000,,Annette Weintraub,1946,Brooklyn,New York,New York,New York,,,,,,,,,
1993,,janine antoni,1964,freeport,bahamas,new york,new york,,,,,,,,,
1993,,ida applebroog,1929,new york,new york,new york,new york,,,,,,,,,
1993,,charles atlas,1949,saint louis,missouri,new york,new york,,,,,,,,,
1993,,mathew barney,1967,San Francisco,california,new york,new york,,,,,,,,,
1993,,Sadie Benning,1973,madison,wisconsin,buffalo,new york,,,,,,,,,
1993,,camille billops,1933,los angeles,california,new york,new york,,,,,,,,,
1993,,james hatch,1928,Oelwein,iowa,new york,new york,,,,,,,,,
1993,,roddy bogawa,1962,los angeles,california,new york,new york,,,,,,,,,
1993,,chris burden,1946,boston,ma,topanga canyon ,california,,,,,,,,,
1993,,Peter Cain,1959,orange,new jersey,bridgehampton,new york,,,,,,,,,
1993,,sophie calle,1953,paris,france,paris,france,,,,,,,,,
1993,,greg shepard,1956,hamilton ontario,canada,sausalito,california,,,,,,,,,
1993,,peter campus,1937,new york,new york,new york,new york,,,,,,,,,
1993,,christine chang,1963,soeoul, korea,new york,new york,,,,,,,,,
1993,,shu lea cheang,1954,taiwan,taiwan,new york,new york,,,,,,,,,
1993,,maureen connor,1947,baltimore,maryland,new york,new york,,,,,,,,,
1993,,julie dash,1952,new york,new york,atlanta,georgia,,,,,,,,,
1993,,cheryle dunye,1966,monrovia,liberia,philadelphia,pennsylvania,,,,,,,,,
1993,,Jimmie Durham,1940,washington,arkansas,cuernavaca,mexico,new york,new york,,,,,,,
1993,,jeanne c. finley,1955,los angeles,california,san francisco,california,,,,,,,,,
1993,,holly fisher,1942,boston,Mass.,new york,new york,,,,,,,,,
1993,,andrea fraser,1965,,,new york,new york,,,,,,,,,
1993,,miguel gandert,1956,espanola,new mexico,albuquerque,new mexico,,,,,,,,,
1993,,ernie gehr,1943,wisconsin,wisconsin,san francisco,california,,,,,,,,,
1993,,robert gober,1954,wallingford,connecticut,new york,new york,,,,,,,,,
1993,,nan goldin,1953,washington dc,washington dc,new york,new york,,,,,,,,,
1993,,jean-pierre forin,1943,paris,france,la jolla,california,,,,,,,,,
1993,,renee green,1959,cleveland,ohio,brooklyn,new york,,,,,,,,,
1993,,michael joaquin grey,1961,los angeles,california,new york,new york,,,,,,,,,
1993,,randolph huff,1961,cocoa beach,florida,new york,new york,,,,,,,,,
1993,,barbara hammer,1939,hollywood,california,san francisco,california,,,,,,,,,
1993,,gary hill,1951,santa monica,california,seattle,washington,,,,,,,,,
1993,,george holliday,1959,toronto,canada,los angeles,california,,,,,,,,,
1993,,william jones,1962,canton,ohio,los angeles,california,,,,,,,,,
1993,,mike kelley,1954,dearborn,michigan,los angeles,california,,,,,,,,,
1993,,karen kilimnik,1962,philadelphia,pennsylvania,philadelphia,pennsylvania,,,,,,,,,
1993,,byron kim,1961,la jolla,california,new york, new york,,,,,,,,,
1993,,elizabeth lecompte,1944,summit,new jersey,new york,new york,,,,,,,,,
1993,,spike lee,1957,atlanta,georgia,brooklyn,new york,,,,,,,,,
1993,,zoe leonard,1961,new york,new york,new york,new york,,,,,,,,,
1993,,hillary leone,1952,miami,florida,new york,new york,,,,,,,,,
1993,,jennifer macdonald,1958,new york,new york,new york,new york,,,,,,,,,
1993,,simon leung,1964,hong kong,hong kong,brooklyn,new york,,,,,,,,,
1993,,glenn ligon,1960,new york,new york,new york,new york,,,,,,,,,
1993,,suzanne mcClelland,1959,jacksonville,florida,new york,new york,,,,,,,,,
1993,,Daniel j. martinez,1957,los angeles,california,los angeles,california,,,,,,,,,
1993,,donald moffett,1955,san antonio,texas,new york ,new york,,,,,,,,,
1993,,christopher munch,1962,pasadena,california,los angeles,california,,,,,,,,,
1993,,mark a. aubert,1958,new york,new york,new york,new york,,,,,,,,,
1993,,donna golden,1967,washington dc,washington dc,new york,new york,,,,,,,,,
1993,,art jones,1963,new york,new york,bronx,new york,,,,,,,,,
1993,,cyrille phipps,1965,bronx,new york,new york,new york,,,,,,,,,
1993,,tom poole,1963,new york,new york,new york,new york,,,,,,,,,
1993,,george sosa,1967,new york,new york,brooklyn,new york,,,,,,,,,
1993,,pepon osorio,1955,santurce,puerto rico,new york,new york,,,,,,,,,
1993,,raymond pettibon,1957,tucson,arizona,hermosa beach,california,,,,,,,,,
1993,,jack pierson,1960,plymouth,massachusetts,new york,new york,,,,,,,,,
1993,,lari pittman,1952,los angeles,california,los angeles,california,,,,,,,,,
1993,,lourdes portillo,1944,chihuahua,mexico,san francisco,california,,,,,,,,,
1993,,mark rappaport,1942,brooklyn,new york,new york,new york,,,,,,,,,
1993,,charles ray,1953,chicago,illinois,los angeles,california,,,,,,,,,
1993,,jonathan robinson,1960,new york,new york,san francisco,california,,,,,,,,,
1993,,alison saar,1956,los angeles,california,brooklyn,new york,,,,,,,,,
1993,,allan sekula,1951,erie,pennsylvania,los angeles,california,,,,,,,,,
1993,,peter sellars,1957,pittsburgh,pennsylvania,los angeles,california,,,,,,,,,
1993,,cindy sherman,1954,glen ridge,new jersey,new york,new york,,,,,,,,,
1993,,gary simmons,1964,new york,new york,new york,new york,,,,,,,,,
1993,,lorna simpson,1960,new york,new york,new york,new york,,,,,,,,,
1993,,kiki smith,1954,nuremberg,germany,new york,new york,,,,,,,,,
1993,,nancy spero,1926,cleveland,ohio,new york,new york,,,,,,,,,
1993,,janice tanaka,1940,hollywood,california,los angeles,california,,,,,,,,,
1993,,julie taymor,1952,boston,massachusetts,new york,new york,,,,,,,,,
1993,,francesc torres,1948,barcelona,spain,new york,new york,,,,,,,,,
1993,,Trinh T. Minh-ha,1952,hanoi,vietnam,berkeley,california,,,,,,,,,
1993,,willie varela,1950,el paso,texas,el paso,texas,,,,,,,,,
1993,,bill viola,1951,new york,new york,long beach,california,,,,,,,,,
1993,,marco williams,1956,philadelphia,pennsylvania,los angeles,california,,,,,,,,,
1993,,pat ward williams,1948,philadelphia,pennsylvania,santa monica,california,,,,,,,,,
1993,,sue williams,1954,chicago,illinois,brooklyn,new york,,,,,,,,,
1993,,fred wilson,1954,bronx,new york,new york,new york,,,,,,,,,
1993,,kevin wolff,1955,buffalo,new york,chicago,illinois,,,,,,,,,
1993,,bruce yonemoto,1949,san jose,california,los angeles,california,,,,,,,,,
1993,,norman yonemoto,1946,chicago,illinois,venice,california,,,,,,,,,
1993,,timothy martin,1956,patuxant river,maryland,los angeles,california,,,,,,,,,
1993,,anne lobst,1959,danville,pennsylvania,new york,new york,,,,,,,,,
1993,,lucy sexton,1960,brooklyn,new york,new york,new york,,,,,,,,,
1993,,kip fulbeck,1965,fontana,california,santa barbara,california,honolulu,hawaii,,,,,,,
1993,,marga gomez,1959,new york,new york,san francisco,california,,,,,,,,,
1993,,guillermo gomez-pena,1955,mexico city,mexico,new york,new york,,,,,,,,,
1993,,coco fusco,1960,new york,new york,new york,new york,,,,,,,,,
1993,,john kelly,1954,jersey city,new jersey,new york,new york,,,,,,,,,
1993,,james luna,1950,la jolla indian reservation,california,la jolla indian reservation,california,,,,,,,,,
1993,,robbie mcCauley,1942,norfolk,virginia,new york,new york,,,,,,,,,
1993,,mac wellman,1945,cleveland,ohio,new york,new york,,,,,,,,,
1977,,vito acconci,1940,bronx,new york,new york,new york,,,,,,,,,
1977,,nicholas africano,1948,kankakee,illinois,normal ,illionis,,,,,,,,,
1977,,terry allen,1943,whichita,kansas,fresno,california,,,,,,,,,
1977,,john baldessari,1931,national city,california,santa monica,california,,,,,,,,,
1977,,lewis baltz,1945,newport beach,california,saulsalito,california,,,,,,,,,
1977,,jennifer bartlett,1941,long beach,california,new york,new york,,,,,,,,,
1977,,mel bochner,1940,pittsburgh,pennsylvania,new york,new york,,,,,,,,,
1977,,joan brown,1938,san francisco,california,san francisco,california,,,,,,,,,
1977,,chris burden,1946,boston,massachusetts,venice,california,,,,,,,,,
1977,,vija celmins,1939,riga,latvia,venice,california,,,,,,,,,
1977,,chuck close,1940,monroe,washington,new york,new york,,,,,,,,,
1977,,robert cumming,1943,worcester,massachusetts,orange,california,,,,,,,,,
1977,,stephen a. davis,1945,fort worth,texas,san francisco,california,,,,,,,,,
1977,,richard estes,1936,keewanee,illinois,new york,new york,,,,,,,,,
1977,,ron gorchov,1930,chicago,illinois,new york,new york,,,,,,,,,
1977,,duan hanson,1925,alexandria,minnisota,davie,florida,,,,,,,,,
1977,,michael heizer,1941,berkeley,california,new york,new york,nordern nevada,nevada,,,,,,,
1977,,james hill,1945,sherman,texas,Houston,texas,,,,,,,,,
1977,,alfred j. jensen,1903,guatemala city,guatemala,glen ridge,new jersey,,,,,,,,,
1977,,barry le va,1941,long beach,california,new york,new york,,,,,,,,,
1977,,brice marden,1938,bronxville,new york,new york,new york,,,,,,,,,
1977,,agnes martin,1912,"maklin, saskatchewan",canada,cuba,new mexico,,,,,,,,,
1977,,duan michals,1932,mckeesport,pennsylvania,new york ,new york,,,,,,,,,
1977,,ree morton,1936,ossining,new york,new york,new york,,,,,,,,,
1977,,elizabeth murray,1940,chicago,illinois,new york,new york,,,,,,,,,
1977,,bruce nauman,1941,fort wayne,indiana,pasadena,california,,,,,,,,,
1977,,jim nutt,1938,pittsfield,massachusetts,wilmette,illinois,,,,,,,,,
1977,,dennis oppenheim,1938,mason city,washington,new york,new york,,,,,,,,,
1977,,dorothea rockburne,,quebec,canada,new york,new york,,,,,,,,,
1977,,robert ryman,1930,nashville,tennesee,new york,new york,,,,,,,,,
1977,,alan daniel saret,1944,new york,new york,new york,new york,,,,,,,,,
1977,,richard serra,1939,san francisco,california,new york,new york,,,,,,,,,
1977,,joel shapiro,1941,new york,new york,new york,new york,,,,,,,,,
1977,,charles simonds,1945,new york,new york,new york,new york,,,,,,,,,
1977,,pat steir,1938,newark,new jersey,new york,new york,,,,,,,,,
1977,,david true,1942,marietta,ohio,new york,new york,,,,,,,,,
1977,,richard tuttle,1941,rahway,new  jersey,new york,new york,,,,,,,,,
1977,,h.c. wastermann,1922,los angeles,california,brookfield center,connecticut,,,,,,,,,
1977,,jackie winsor,1941,newfoundland,canada,new york,new york,,,,,,,,,
1977,,joe zucker,1941,chicago,illinois,new york,new york,,,,,,,,,
1977,,lynda benglis,1941,lake charles,louisiana,new york,new york,,,,,,,,,
1977,,peter campus,1937,new york,new york,new york,new york,,,,,,,,,
1977,,brian connell,1946,boston,massachusetts,san diego,california,,,,,,,,,
1977,,terry fox,1943,seattle,washington,san francisco,california,,,,,,,,,
1977,,howard fried,1946,cleveland,ohio,san francisco,california,,,,,,,,,
1977,,nancy holt,1938,worcester,massachusetts,new york,new york,,,,,,,,,
1977,,joan jonas,,new york,new york,new york,new york,,,,,,,,,
1977,,allan kaprow,1927,atlantic city,new jersey,new york,new york,pasadena,california,,,,,,,
1977,,andy mann,1947,new york,new york,new york,new york,,,,,,,,,
1977,,bruce nauman,1941,fort wayne,indiana,pasadena,california,,,,,,,,,
1977,,nam june paik,1932,seoul,korea,new york,new york,,,,,,,,,
1977,,ilene segalove,1950,los angeles,california,santa monica,california,,,,,,,,,
1977,,richard serra,1939,san francisco,california,new york,new york,,,,,,,,,
1977,,alan sondheim,1943,wilkes-barre,pennsylvania,new york,new york,,,,,,,,,
1977,,keith sonnier,1941,mamou,louisiana,new york,new york,,,,,,,,,
1977,,woody vasulka,,brno,czechoslovakia,buffalo,new york,,,,,,,,,
1977,,willie walker,1945,new jersey,new jersey,oakland,california,,,,,,,,,
1977,,william wegman,1943,holyoke,massachusetts,new york,new york,,,,,,,,,
1979,,robert arneson,1930,benicia,california,benicia,california,,,,,,,,,
1979,,alice aycock,1946,harrisburg,pennsylvania,new york,new york,,,,,,,,,
1979,,bruce baillie,1931,aberdeen,south dakota,elizaville,new york,,,,,,,,,
1979,,john baldessari,1931,national city,california,santa monica,california,,,,,,,,,
1979,,jennifer bartlett,1941,long beach,california,new york,new york,,,,,,,,,
1979,,william beckley,1946,hamburg,pennsylvania,new york,new york,,,,,,,,,
1979,,billy al bengston,1934,dodge city,kansas,venice,california,,,,,,,,,
1979,,james benning,1943,milwaukee,wisconsin,del mar,california,,,,,,,,,
1979,,mel bochner,1940,pittsburgh,pennsylvania,new york,new york,,,,,,,,,
1979,,jonathan borofsky,1942,boston,massachusetts,venice,california,,,,,,,,,
1979,,stan brakhage,1933,kansas city,missouri,rollinsville,colorado,,,,,,,,,
1979,,robert breer,1926,detroit,michigan,palisades,new york,,,,,,,,,